target,feature,corr,n
car_simple_m10_p10_pct,news__nw_lm_tone__post,0.27884201583574625,400
car_simple_m10_p10_pct,news__nw_lm_neg_prop__post,-0.23934592712943337,400
car_simple_m10_p10_pct,news__nw_lm_pos_prop__all,0.22509361512893106,400
car_simple_m10_p10_pct,news__nw_lm_tone__all,0.21880842181160232,400
car_simple_m10_p10_pct,news__nw_lm_pos_prop__post,0.20724752374720803,400
car_simple_m10_p10_pct,news__nw_lm_tone__post_minus_pre,0.17986448686046905,400
car_simple_m10_p10_pct,news__nw_lm_neg_prop__post_minus_pre,-0.1765542229826354,400
car_simple_m10_p10_pct,news__nw_lm_neg_prop__all,-0.16128439448261234,400
car_simple_m10_p10_pct,news__nw_lm_pos_prop__pre,0.13546757622451447,400
car_simple_m10_p10_pct,news__nw_lm_constr_prop__all,-0.12026546225687247,400
car_simple_m10_p10_pct,news__nw_lm_tone__pre,0.11476451396726604,400
car_simple_m10_p10_pct,news__nw_lm_lit_prop__post,-0.11371110447611205,400
car_simple_m10_p10_pct,news__nw_lm_constr_prop__post,-0.09657384780813912,400
car_simple_m10_p10_pct,tr__tr_lm_unc_prop__all__all,-0.09557076091695185,400
car_simple_m10_p10_pct,news__nw_lm_lit_prop__all,-0.08139583139125281,400
car_simple_m10_p10_pct,news__nw_lm_constr_prop__pre,-0.08067445983515785,400
car_simple_m10_p10_pct,news__nw_lm_pos_prop__post_minus_pre,0.0724665102881418,400
car_simple_m10_p10_pct,news__nw_lm_neg_prop__pre,-0.06854245694024452,400
car_simple_m10_p10_pct,tr__tr_lm_neg_prop__all__all,-0.06475918279337071,400
car_simple_m10_p10_pct,tr__tr_lm_unc_prop__prepared__all,-0.06066490383381254,400
car_simple_m10_p10_pct,tr__tr_lm_unc_prop__qa__all,-0.05893677372566469,400
car_simple_m10_p10_pct,news__nw_lm_lit_prop__pre,-0.05664040699818738,400
car_simple_m10_p10_pct,tr__tr_lm_neg_prop__prepared__all,-0.05463977666007561,400
car_simple_m10_p10_pct,tr__tr_lm_tone__qa__all,0.051740225284310846,400
car_simple_m10_p10_pct,news__nw_lm_lit_prop__post_minus_pre,-0.05010440875404217,400
car_simple_m10_p10_pct,tr__tr_lm_pos_prop__qa__all,0.049022035107975745,400
car_simple_m10_p10_pct,news__nw_lm_unc_prop__all,-0.03509617134557382,400
car_simple_m10_p10_pct,tr__tr_lm_tone__all__all,0.03419271546103669,400
car_simple_m10_p10_pct,tr__tr_lm_neg_prop__qa__all,-0.03199831099676776,400
car_simple_m10_p10_pct,tr__tr_lm_lit_prop__prepared__all,0.03025856197058239,400
car_simple_m10_p10_pct,news__nw_lm_unc_prop__post,-0.029493001885386897,400
car_simple_m10_p10_pct,tr__tr_lm_pos_prop__prepared__all,-0.029044191526963428,400
car_simple_m10_p10_pct,news__nw_lm_unc_prop__post_minus_pre,-0.025673184403530253,400
car_simple_m10_p10_pct,tr__tr_lm_constr_prop__qa__all,0.02163252234355786,400
car_simple_m10_p10_pct,news__nw_lm_constr_prop__post_minus_pre,-0.02098264200591124,400
car_simple_m10_p10_pct,tr__tr_lm_constr_prop__prepared__all,-0.014001413712892955,400
car_simple_m10_p10_pct,tr__tr_lm_lit_prop__qa__all,-0.012733690542589968,400
car_simple_m10_p10_pct,tr__tr_lm_constr_prop__all__all,0.012167285071111759,400
car_simple_m10_p10_pct,tr__tr_lm_pos_prop__all__all,0.0031831529507712194,400
car_simple_m10_p10_pct,news__nw_lm_unc_prop__pre,0.00258973875460485,400
car_simple_m10_p10_pct,tr__tr_lm_lit_prop__all__all,0.002552363721887028,400
car_simple_m10_p10_pct,tr__tr_lm_tone__prepared__all,0.002003882052932328,400
car_mm_1y_m10_p10_pct,news__nw_lm_tone__post,0.2631231224890815,400
car_mm_1y_m10_p10_pct,news__nw_lm_neg_prop__post,-0.22486122344467263,400
car_mm_1y_m10_p10_pct,news__nw_lm_tone__post_minus_pre,0.2053194567366614,400
car_mm_1y_m10_p10_pct,news__nw_lm_pos_prop__all,0.2014169308087681,400
car_mm_1y_m10_p10_pct,news__nw_lm_neg_prop__post_minus_pre,-0.198219580350301,400
car_mm_1y_m10_p10_pct,news__nw_lm_pos_prop__post,0.19707116698237692,400
car_mm_1y_m10_p10_pct,news__nw_lm_tone__all,0.18927606119031623,400
car_mm_1y_m10_p10_pct,news__nw_lm_neg_prop__all,-0.13581553721933012,400
car_mm_1y_m10_p10_pct,news__nw_lm_constr_prop__all,-0.11021909730604758,400
car_mm_1y_m10_p10_pct,news__nw_lm_pos_prop__pre,0.10712488382122257,400
car_mm_1y_m10_p10_pct,tr__tr_lm_unc_prop__all__all,-0.09519132188385171,400
car_mm_1y_m10_p10_pct,news__nw_lm_pos_prop__post_minus_pre,0.08692524051437148,400
car_mm_1y_m10_p10_pct,news__nw_lm_constr_prop__post,-0.08551032759705367,400
car_mm_1y_m10_p10_pct,news__nw_lm_constr_prop__pre,-0.07860556444928359,400
car_mm_1y_m10_p10_pct,news__nw_lm_tone__pre,0.07681194838381902,400
car_mm_1y_m10_p10_pct,news__nw_lm_unc_prop__post,-0.07265175694501079,400
car_mm_1y_m10_p10_pct,news__nw_lm_lit_prop__post,-0.0726112847464706,400
car_mm_1y_m10_p10_pct,tr__tr_lm_pos_prop__qa__all,0.06882931468449052,400
car_mm_1y_m10_p10_pct,news__nw_lm_unc_prop__all,-0.06088988290480735,400
car_mm_1y_m10_p10_pct,news__nw_lm_lit_prop__post_minus_pre,-0.05999133510198645,400
car_mm_1y_m10_p10_pct,news__nw_lm_unc_prop__post_minus_pre,-0.056192778325243956,400
car_mm_1y_m10_p10_pct,tr__tr_lm_tone__qa__all,0.056094133353979614,400
car_mm_1y_m10_p10_pct,tr__tr_lm_unc_prop__qa__all,-0.05595607046358611,400
car_mm_1y_m10_p10_pct,tr__tr_lm_neg_prop__all__all,-0.04337454571916174,400
car_mm_1y_m10_p10_pct,tr__tr_lm_tone__all__all,0.04185107984395242,400
car_mm_1y_m10_p10_pct,tr__tr_lm_unc_prop__prepared__all,-0.039908977865602484,400
car_mm_1y_m10_p10_pct,news__nw_lm_neg_prop__pre,-0.03659338720083229,400
car_mm_1y_m10_p10_pct,tr__tr_lm_neg_prop__prepared__all,-0.03544210178293587,400
car_mm_1y_m10_p10_pct,news__nw_lm_lit_prop__all,-0.03193081195954678,400
car_mm_1y_m10_p10_pct,tr__tr_lm_pos_prop__all__all,0.027325633585078068,400
car_mm_1y_m10_p10_pct,tr__tr_lm_lit_prop__prepared__all,0.025883975328972634,400
car_mm_1y_m10_p10_pct,tr__tr_lm_lit_prop__all__all,0.025548494031996796,400
car_mm_1y_m10_p10_pct,tr__tr_lm_constr_prop__all__all,-0.022894103864712474,400
car_mm_1y_m10_p10_pct,tr__tr_lm_lit_prop__qa__all,0.0226409175896222,400
car_mm_1y_m10_p10_pct,tr__tr_lm_pos_prop__prepared__all,-0.020074182189094753,400
car_mm_1y_m10_p10_pct,tr__tr_lm_constr_prop__qa__all,-0.018530455378775894,400
car_mm_1y_m10_p10_pct,news__nw_lm_constr_prop__post_minus_pre,-0.013380089970689148,400
car_mm_1y_m10_p10_pct,tr__tr_lm_neg_prop__qa__all,-0.01226474719702782,400
car_mm_1y_m10_p10_pct,news__nw_lm_lit_prop__pre,-0.011179815851171506,400
car_mm_1y_m10_p10_pct,tr__tr_lm_constr_prop__prepared__all,-0.0027070969269960324,400
car_mm_1y_m10_p10_pct,news__nw_lm_unc_prop__pre,-0.0013129218962444728,400
car_mm_1y_m10_p10_pct,tr__tr_lm_tone__prepared__all,0.00024659667672106094,400
car_mm_1q_m10_p10_pct,news__nw_lm_tone__post,0.2304210193053648,400
car_mm_1q_m10_p10_pct,news__nw_lm_neg_prop__post,-0.20747089208774233,400
car_mm_1q_m10_p10_pct,news__nw_lm_tone__post_minus_pre,0.20363140505968277,400
car_mm_1q_m10_p10_pct,news__nw_lm_neg_prop__post_minus_pre,-0.1973349616589574,400
car_mm_1q_m10_p10_pct,news__nw_lm_tone__all,0.1570346871683901,400
car_mm_1q_m10_p10_pct,news__nw_lm_pos_prop__post,0.1565502547614468,400
car_mm_1q_m10_p10_pct,news__nw_lm_pos_prop__all,0.15278900921457195,400
car_mm_1q_m10_p10_pct,news__nw_lm_neg_prop__all,-0.1205841492766665,400
car_mm_1q_m10_p10_pct,tr__tr_lm_unc_prop__all__all,-0.10129741482937947,400
car_mm_1q_m10_p10_pct,news__nw_lm_constr_prop__all,-0.09484625593893138,400
car_mm_1q_m10_p10_pct,news__nw_lm_constr_prop__pre,-0.08811957320048436,400
car_mm_1q_m10_p10_pct,news__nw_lm_pos_prop__post_minus_pre,0.08526766819589225,400
car_mm_1q_m10_p10_pct,news__nw_lm_lit_prop__post,-0.07105911158402918,400
car_mm_1q_m10_p10_pct,news__nw_lm_pos_prop__pre,0.06557615112997557,400
car_mm_1q_m10_p10_pct,tr__tr_lm_unc_prop__qa__all,-0.06495274415526019,400
car_mm_1q_m10_p10_pct,news__nw_lm_unc_prop__post,-0.06024924188724786,400
car_mm_1q_m10_p10_pct,news__nw_lm_lit_prop__all,-0.05035756995444347,400
car_mm_1q_m10_p10_pct,news__nw_lm_constr_prop__post,-0.049383507283616006,400
car_mm_1q_m10_p10_pct,news__nw_lm_unc_prop__all,-0.04862797831354876,400
car_mm_1q_m10_p10_pct,tr__tr_lm_lit_prop__prepared__all,0.04844080546713379,400
car_mm_1q_m10_p10_pct,news__nw_lm_unc_prop__post_minus_pre,-0.04734813225344727,400
car_mm_1q_m10_p10_pct,news__nw_lm_tone__pre,0.046187891077240195,400
car_mm_1q_m10_p10_pct,tr__tr_lm_pos_prop__qa__all,0.04230103069530163,400
car_mm_1q_m10_p10_pct,tr__tr_lm_neg_prop__all__all,-0.03614641887462424,400
car_mm_1q_m10_p10_pct,tr__tr_lm_tone__qa__all,0.035058600686901975,400
car_mm_1q_m10_p10_pct,news__nw_lm_lit_prop__post_minus_pre,-0.03419442125915126,400
car_mm_1q_m10_p10_pct,news__nw_lm_lit_prop__pre,-0.03282124900421506,400
car_mm_1q_m10_p10_pct,tr__tr_lm_tone__all__all,0.03207456280661617,400
car_mm_1q_m10_p10_pct,tr__tr_lm_unc_prop__prepared__all,-0.027536644481240012,400
car_mm_1q_m10_p10_pct,news__nw_lm_constr_prop__post_minus_pre,0.023236826656352495,400
car_mm_1q_m10_p10_pct,tr__tr_lm_constr_prop__all__all,-0.02280089731738182,400
car_mm_1q_m10_p10_pct,news__nw_lm_neg_prop__pre,-0.021349302414557462,400
car_mm_1q_m10_p10_pct,tr__tr_lm_pos_prop__all__all,0.01904629878811168,400
car_mm_1q_m10_p10_pct,tr__tr_lm_neg_prop__prepared__all,-0.016350135505949003,400
car_mm_1q_m10_p10_pct,tr__tr_lm_lit_prop__all__all,0.015565143063094264,400
car_mm_1q_m10_p10_pct,tr__tr_lm_constr_prop__qa__all,-0.01434954086315012,400
car_mm_1q_m10_p10_pct,tr__tr_lm_pos_prop__prepared__all,-0.01317185285793635,400
car_mm_1q_m10_p10_pct,tr__tr_lm_neg_prop__qa__all,-0.008690770163063985,400
car_mm_1q_m10_p10_pct,tr__tr_lm_constr_prop__prepared__all,0.005855020423166552,400
car_mm_1q_m10_p10_pct,tr__tr_lm_lit_prop__qa__all,0.0035823677633259575,400
car_mm_1q_m10_p10_pct,tr__tr_lm_tone__prepared__all,-0.00322270291995464,400
car_mm_1q_m10_p10_pct,news__nw_lm_unc_prop__pre,-0.00027242918011215173,400
car_simple_m5_p5_pct,news__nw_lm_tone__post,0.3002862848187657,400
car_simple_m5_p5_pct,news__nw_lm_neg_prop__post,-0.25819172075977687,400
car_simple_m5_p5_pct,news__nw_lm_tone__post_minus_pre,0.22666865388209143,400
car_simple_m5_p5_pct,news__nw_lm_tone__all,0.2241117399607294,400
car_simple_m5_p5_pct,news__nw_lm_pos_prop__post,0.22251935435548323,400
car_simple_m5_p5_pct,news__nw_lm_pos_prop__all,0.2179044417184279,400
car_simple_m5_p5_pct,news__nw_lm_neg_prop__post_minus_pre,-0.20132892814018444,400
car_simple_m5_p5_pct,news__nw_lm_neg_prop__all,-0.17217316883465855,400
car_simple_m5_p5_pct,news__nw_lm_constr_prop__all,-0.14318569589134775,400
car_simple_m5_p5_pct,tr__tr_lm_unc_prop__prepared__all,-0.1255325042688218,400
car_simple_m5_p5_pct,news__nw_lm_constr_prop__post,-0.12350892653731871,400
car_simple_m5_p5_pct,news__nw_lm_pos_prop__post_minus_pre,0.11811284957740768,400
car_simple_m5_p5_pct,news__nw_lm_pos_prop__pre,0.0969246886774903,400
car_simple_m5_p5_pct,news__nw_lm_tone__pre,0.09442703876544489,400
car_simple_m5_p5_pct,news__nw_lm_constr_prop__pre,-0.07627893266490346,400
car_simple_m5_p5_pct,tr__tr_lm_pos_prop__qa__all,0.07083309271204129,400
car_simple_m5_p5_pct,tr__tr_lm_constr_prop__prepared__all,-0.06557599118419097,400
car_simple_m5_p5_pct,news__nw_lm_neg_prop__pre,-0.06459530449650717,400
car_simple_m5_p5_pct,news__nw_lm_lit_prop__post,-0.05530836810384289,400
car_simple_m5_p5_pct,tr__tr_lm_neg_prop__prepared__all,-0.05315402480424927,400
car_simple_m5_p5_pct,tr__tr_lm_tone__qa__all,0.052241067431708324,400
car_simple_m5_p5_pct,tr__tr_lm_unc_prop__all__all,-0.05200371766773695,400
car_simple_m5_p5_pct,news__nw_lm_constr_prop__post_minus_pre,-0.0463278637383508,400
car_simple_m5_p5_pct,tr__tr_lm_tone__all__all,0.04618748164539628,400
car_simple_m5_p5_pct,news__nw_lm_unc_prop__post_minus_pre,-0.045079531890804034,400
car_simple_m5_p5_pct,news__nw_lm_unc_prop__post,-0.043229339481181725,400
car_simple_m5_p5_pct,tr__tr_lm_tone__prepared__all,0.04132058919335893,400
car_simple_m5_p5_pct,tr__tr_lm_neg_prop__all__all,-0.0398439636025807,400
car_simple_m5_p5_pct,tr__tr_lm_lit_prop__all__all,0.0371242977170214,400
car_simple_m5_p5_pct,tr__tr_lm_lit_prop__qa__all,0.03573620739753387,400
car_simple_m5_p5_pct,news__nw_lm_lit_prop__all,-0.035497112493286395,400
car_simple_m5_p5_pct,tr__tr_lm_pos_prop__all__all,0.03539583576315372,400
car_simple_m5_p5_pct,news__nw_lm_unc_prop__all,-0.03120410570905209,400
car_simple_m5_p5_pct,news__nw_lm_lit_prop__post_minus_pre,-0.029218222279007604,400
car_simple_m5_p5_pct,news__nw_lm_lit_prop__pre,-0.02322267928612277,400
car_simple_m5_p5_pct,tr__tr_lm_pos_prop__prepared__all,0.017899294448504962,400
car_simple_m5_p5_pct,tr__tr_lm_lit_prop__prepared__all,-0.014786007461965405,400
car_simple_m5_p5_pct,news__nw_lm_unc_prop__pre,0.011924407763624523,400
car_simple_m5_p5_pct,tr__tr_lm_constr_prop__all__all,0.0061550660087607775,400
car_simple_m5_p5_pct,tr__tr_lm_constr_prop__qa__all,0.003830169776845868,400
car_simple_m5_p5_pct,tr__tr_lm_unc_prop__qa__all,0.0035392609709658704,400
car_simple_m5_p5_pct,tr__tr_lm_neg_prop__qa__all,-0.0017957422580136882,400
car_mm_1y_m5_p5_pct,news__nw_lm_tone__post,0.2869721700000721,400
car_mm_1y_m5_p5_pct,news__nw_lm_tone__post_minus_pre,0.24163662518444778,400
car_mm_1y_m5_p5_pct,news__nw_lm_neg_prop__post,-0.23614988976974421,400
car_mm_1y_m5_p5_pct,news__nw_lm_pos_prop__post,0.22873854433874197,400
car_mm_1y_m5_p5_pct,news__nw_lm_pos_prop__all,0.21522212125212256,400
car_mm_1y_m5_p5_pct,news__nw_lm_neg_prop__post_minus_pre,-0.20886542840103536,400
car_mm_1y_m5_p5_pct,news__nw_lm_tone__all,0.20286667096823355,400
car_mm_1y_m5_p5_pct,news__nw_lm_neg_prop__all,-0.14593026012837304,400
car_mm_1y_m5_p5_pct,news__nw_lm_pos_prop__post_minus_pre,0.1331996176983724,400
car_mm_1y_m5_p5_pct,news__nw_lm_constr_prop__all,-0.11588074097612379,400
car_mm_1y_m5_p5_pct,news__nw_lm_constr_prop__post,-0.10120568914564711,400
car_mm_1y_m5_p5_pct,news__nw_lm_pos_prop__pre,0.08544476357735799,400
car_mm_1y_m5_p5_pct,tr__tr_lm_unc_prop__prepared__all,-0.07961299614221243,400
car_mm_1y_m5_p5_pct,tr__tr_lm_pos_prop__qa__all,0.07855912362015396,400
car_mm_1y_m5_p5_pct,news__nw_lm_tone__pre,0.0681119560399686,400
car_mm_1y_m5_p5_pct,news__nw_lm_constr_prop__pre,-0.06525130572157237,400
car_mm_1y_m5_p5_pct,news__nw_lm_unc_prop__post,-0.06409695142075053,400
car_mm_1y_m5_p5_pct,news__nw_lm_unc_prop__post_minus_pre,-0.056467453604292124,400
car_mm_1y_m5_p5_pct,tr__tr_lm_lit_prop__qa__all,0.05550669095829326,400
car_mm_1y_m5_p5_pct,tr__tr_lm_lit_prop__all__all,0.04964771807047197,400
car_mm_1y_m5_p5_pct,tr__tr_lm_unc_prop__all__all,-0.04963054958705475,400
car_mm_1y_m5_p5_pct,tr__tr_lm_tone__qa__all,0.04812377175433181,400
car_mm_1y_m5_p5_pct,tr__tr_lm_constr_prop__prepared__all,-0.04758201047361106,400
car_mm_1y_m5_p5_pct,news__nw_lm_unc_prop__all,-0.0475045441240945,400
car_mm_1y_m5_p5_pct,tr__tr_lm_pos_prop__all__all,0.038762434741790225,400
car_mm_1y_m5_p5_pct,news__nw_lm_neg_prop__pre,-0.03783349410521688,400
car_mm_1y_m5_p5_pct,tr__tr_lm_constr_prop__qa__all,-0.03727978848483795,400
car_mm_1y_m5_p5_pct,tr__tr_lm_tone__all__all,0.037127225437618185,400
car_mm_1y_m5_p5_pct,news__nw_lm_constr_prop__post_minus_pre,-0.035971218856081594,400
car_mm_1y_m5_p5_pct,tr__tr_lm_constr_prop__all__all,-0.03343813919088164,400
car_mm_1y_m5_p5_pct,news__nw_lm_lit_prop__post,-0.03289097085747734,400
car_mm_1y_m5_p5_pct,news__nw_lm_lit_prop__post_minus_pre,-0.02503546537504153,400
car_mm_1y_m5_p5_pct,tr__tr_lm_neg_prop__qa__all,0.01737779440738339,400
car_mm_1y_m5_p5_pct,tr__tr_lm_neg_prop__all__all,-0.016235385209663302,400
car_mm_1y_m5_p5_pct,tr__tr_lm_neg_prop__prepared__all,-0.016147991398222917,400
car_mm_1y_m5_p5_pct,news__nw_lm_lit_prop__all,-0.015111882836187373,400
car_mm_1y_m5_p5_pct,tr__tr_lm_tone__prepared__all,0.009200914262519372,400
car_mm_1y_m5_p5_pct,tr__tr_lm_lit_prop__prepared__all,-0.007589355201896288,400
car_mm_1y_m5_p5_pct,news__nw_lm_lit_prop__pre,-0.0069733264875088945,400
car_mm_1y_m5_p5_pct,news__nw_lm_unc_prop__pre,0.006361649091920156,400
car_mm_1y_m5_p5_pct,tr__tr_lm_pos_prop__prepared__all,0.0015081388525405954,400
car_mm_1y_m5_p5_pct,tr__tr_lm_unc_prop__qa__all,-0.0012941022098012867,400
car_mm_1q_m5_p5_pct,news__nw_lm_tone__post,0.26692627025513144,400
car_mm_1q_m5_p5_pct,news__nw_lm_tone__post_minus_pre,0.24186248559842935,400
car_mm_1q_m5_p5_pct,news__nw_lm_neg_prop__post,-0.22511336077514987,400
car_mm_1q_m5_p5_pct,news__nw_lm_neg_prop__post_minus_pre,-0.21072495659790746,400
car_mm_1q_m5_p5_pct,news__nw_lm_pos_prop__post,0.20447150456099794,400
car_mm_1q_m5_p5_pct,news__nw_lm_pos_prop__all,0.18681774185165717,400
car_mm_1q_m5_p5_pct,news__nw_lm_tone__all,0.18209790214281896,400
car_mm_1q_m5_p5_pct,news__nw_lm_neg_prop__all,-0.13450693434712938,400
car_mm_1q_m5_p5_pct,news__nw_lm_pos_prop__post_minus_pre,0.13121787275961952,400
car_mm_1q_m5_p5_pct,news__nw_lm_constr_prop__all,-0.11130943385086015,400
car_mm_1q_m5_p5_pct,news__nw_lm_constr_prop__post,-0.08421620196563491,400
car_mm_1q_m5_p5_pct,tr__tr_lm_unc_prop__prepared__all,-0.07699296871514474,400
car_mm_1q_m5_p5_pct,news__nw_lm_constr_prop__pre,-0.07154984744352139,400
car_mm_1q_m5_p5_pct,tr__tr_lm_pos_prop__qa__all,0.061905900077730384,400
car_mm_1q_m5_p5_pct,news__nw_lm_pos_prop__pre,0.06175293123904238,400
car_mm_1q_m5_p5_pct,tr__tr_lm_unc_prop__all__all,-0.05592510910381752,400
car_mm_1q_m5_p5_pct,news__nw_lm_unc_prop__post,-0.055358977406512896,400
car_mm_1q_m5_p5_pct,news__nw_lm_unc_prop__post_minus_pre,-0.04947932399462341,400
car_mm_1q_m5_p5_pct,news__nw_lm_tone__pre,0.04822486060737307,400
car_mm_1q_m5_p5_pct,tr__tr_lm_lit_prop__qa__all,0.04809397839736337,400
car_mm_1q_m5_p5_pct,tr__tr_lm_lit_prop__all__all,0.045922196378220204,400
car_mm_1q_m5_p5_pct,news__nw_lm_unc_prop__all,-0.03980850582566558,400
car_mm_1q_m5_p5_pct,tr__tr_lm_constr_prop__prepared__all,-0.03766960295574528,400
car_mm_1q_m5_p5_pct,tr__tr_lm_tone__qa__all,0.035827112967384944,400
car_mm_1q_m5_p5_pct,tr__tr_lm_pos_prop__all__all,0.03427253661682211,400
car_mm_1q_m5_p5_pct,tr__tr_lm_tone__all__all,0.03361881714668041,400
car_mm_1q_m5_p5_pct,news__nw_lm_lit_prop__post,-0.03173433205807581,400
car_mm_1q_m5_p5_pct,tr__tr_lm_constr_prop__qa__all,-0.03161310839476921,400
car_mm_1q_m5_p5_pct,tr__tr_lm_constr_prop__all__all,-0.027977268359612985,400
car_mm_1q_m5_p5_pct,news__nw_lm_neg_prop__pre,-0.026078540118780927,400
car_mm_1q_m5_p5_pct,news__nw_lm_lit_prop__all,-0.02353387592036733,400
car_mm_1q_m5_p5_pct,tr__tr_lm_neg_prop__qa__all,0.017828627550558755,400
car_mm_1q_m5_p5_pct,news__nw_lm_constr_prop__post_minus_pre,-0.01742904871645344,400
car_mm_1q_m5_p5_pct,news__nw_lm_lit_prop__pre,-0.016594669468338288,400
car_mm_1q_m5_p5_pct,tr__tr_lm_neg_prop__all__all,-0.015967933949637945,400
car_mm_1q_m5_p5_pct,news__nw_lm_lit_prop__post_minus_pre,-0.01310071134735203,400
car_mm_1q_m5_p5_pct,tr__tr_lm_tone__prepared__all,0.011951354729991058,400
car_mm_1q_m5_p5_pct,tr__tr_lm_neg_prop__prepared__all,-0.009257335441380469,400
car_mm_1q_m5_p5_pct,tr__tr_lm_pos_prop__prepared__all,0.008691427800945523,400
car_mm_1q_m5_p5_pct,tr__tr_lm_unc_prop__qa__all,-0.007264162441018283,400
car_mm_1q_m5_p5_pct,news__nw_lm_unc_prop__pre,0.006268895205752718,400
car_mm_1q_m5_p5_pct,tr__tr_lm_lit_prop__prepared__all,0.002509166023057797,400
car_simple_m1_p1_pct,news__nw_lm_tone__post,0.2746437030367487,400
car_simple_m1_p1_pct,news__nw_lm_neg_prop__post,-0.26299019596945095,400
car_simple_m1_p1_pct,news__nw_lm_neg_prop__post_minus_pre,-0.22223821821119605,400
car_simple_m1_p1_pct,news__nw_lm_tone__post_minus_pre,0.21401470588487626,400
car_simple_m1_p1_pct,news__nw_lm_tone__all,0.2041598957705379,400
car_simple_m1_p1_pct,news__nw_lm_neg_prop__all,-0.17206978335289308,400
car_simple_m1_p1_pct,news__nw_lm_pos_prop__all,0.1709234475632863,400
car_simple_m1_p1_pct,news__nw_lm_pos_prop__post,0.1627560352921185,400
car_simple_m1_p1_pct,news__nw_lm_pos_prop__pre,0.08962240405485693,400
car_simple_m1_p1_pct,news__nw_lm_tone__pre,0.08043552774380412,400
car_simple_m1_p1_pct,news__nw_lm_constr_prop__all,-0.07744364013025098,400
car_simple_m1_p1_pct,news__nw_lm_pos_prop__post_minus_pre,0.07083352953046289,400
car_simple_m1_p1_pct,tr__tr_lm_unc_prop__all__all,-0.07048482605594182,400
car_simple_m1_p1_pct,news__nw_lm_constr_prop__post,-0.0650284741908711,400
car_simple_m1_p1_pct,tr__tr_lm_lit_prop__all__all,0.06147893360273821,400
car_simple_m1_p1_pct,tr__tr_lm_lit_prop__qa__all,0.05526027946495777,400
car_simple_m1_p1_pct,tr__tr_lm_unc_prop__prepared__all,-0.054889063323867025,400
car_simple_m1_p1_pct,tr__tr_lm_lit_prop__prepared__all,0.05413059256456477,400
car_simple_m1_p1_pct,news__nw_lm_unc_prop__post_minus_pre,-0.05257565615678231,400
car_simple_m1_p1_pct,news__nw_lm_neg_prop__pre,-0.05104228097208217,400
car_simple_m1_p1_pct,tr__tr_lm_neg_prop__prepared__all,0.04807681345692119,400
car_simple_m1_p1_pct,tr__tr_lm_tone__prepared__all,-0.04367735141274871,400
car_simple_m1_p1_pct,tr__tr_lm_unc_prop__qa__all,-0.04336336194065885,400
car_simple_m1_p1_pct,news__nw_lm_constr_prop__pre,-0.0428833685241864,400
car_simple_m1_p1_pct,news__nw_lm_lit_prop__post,-0.03926671665249687,400
car_simple_m1_p1_pct,news__nw_lm_lit_prop__all,-0.03529183859321831,400
car_simple_m1_p1_pct,news__nw_lm_unc_prop__post,-0.03496040843507945,400
car_simple_m1_p1_pct,tr__tr_lm_pos_prop__qa__all,0.03243286107662475,400
car_simple_m1_p1_pct,tr__tr_lm_constr_prop__qa__all,-0.029171102430914458,400
car_simple_m1_p1_pct,tr__tr_lm_constr_prop__prepared__all,0.02822054334657003,400
car_simple_m1_p1_pct,news__nw_lm_unc_prop__pre,0.027232635970403145,400
car_simple_m1_p1_pct,news__nw_lm_lit_prop__pre,-0.024686878093365137,400
car_simple_m1_p1_pct,tr__tr_lm_pos_prop__prepared__all,-0.023579171044921587,400
car_simple_m1_p1_pct,news__nw_lm_constr_prop__post_minus_pre,-0.02241932033274434,400
car_simple_m1_p1_pct,tr__tr_lm_neg_prop__all__all,0.018042571241948496,400
car_simple_m1_p1_pct,tr__tr_lm_tone__qa__all,0.015603863583595067,400
car_simple_m1_p1_pct,tr__tr_lm_neg_prop__qa__all,0.015588525851821555,400
car_simple_m1_p1_pct,news__nw_lm_unc_prop__all,-0.013778071741893185,400
car_simple_m1_p1_pct,news__nw_lm_lit_prop__post_minus_pre,-0.011556923697738437,400
car_simple_m1_p1_pct,tr__tr_lm_constr_prop__all__all,-0.008063243816683127,400
car_simple_m1_p1_pct,tr__tr_lm_tone__all__all,-0.006051937620127412,400
car_simple_m1_p1_pct,tr__tr_lm_pos_prop__all__all,0.0037325614891881983,400
car_mm_1y_m1_p1_pct,news__nw_lm_tone__post,0.27103144225306924,400
car_mm_1y_m1_p1_pct,news__nw_lm_neg_prop__post,-0.25853698041190826,400
car_mm_1y_m1_p1_pct,news__nw_lm_neg_prop__post_minus_pre,-0.21994724470470645,400
car_mm_1y_m1_p1_pct,news__nw_lm_tone__post_minus_pre,0.21329013819063683,400
car_mm_1y_m1_p1_pct,news__nw_lm_tone__all,0.2016830377775769,400
car_mm_1y_m1_p1_pct,news__nw_lm_neg_prop__all,-0.1701971654868563,400
car_mm_1y_m1_p1_pct,news__nw_lm_pos_prop__all,0.1684604420063352,400
car_mm_1y_m1_p1_pct,news__nw_lm_pos_prop__post,0.16212493923109225,400
car_mm_1y_m1_p1_pct,news__nw_lm_pos_prop__pre,0.08688876730112488,400
car_mm_1y_m1_p1_pct,news__nw_lm_tone__pre,0.07752876046215225,400
car_mm_1y_m1_p1_pct,news__nw_lm_pos_prop__post_minus_pre,0.07254084021499144,400
car_mm_1y_m1_p1_pct,tr__tr_lm_unc_prop__all__all,-0.07244008734607735,400
car_mm_1y_m1_p1_pct,news__nw_lm_constr_prop__all,-0.06897481833461355,400
car_mm_1y_m1_p1_pct,tr__tr_lm_unc_prop__prepared__all,-0.06859089517500865,400
car_mm_1y_m1_p1_pct,tr__tr_lm_lit_prop__all__all,0.06773509864140116,400
car_mm_1y_m1_p1_pct,tr__tr_lm_lit_prop__qa__all,0.0646096537155195,400
car_mm_1y_m1_p1_pct,news__nw_lm_constr_prop__post,-0.0569401897135918,400
car_mm_1y_m1_p1_pct,tr__tr_lm_lit_prop__prepared__all,0.049946672756156746,400
car_mm_1y_m1_p1_pct,news__nw_lm_neg_prop__pre,-0.04891281005530238,400
car_mm_1y_m1_p1_pct,news__nw_lm_unc_prop__post_minus_pre,-0.04439578168946803,400
car_mm_1y_m1_p1_pct,news__nw_lm_constr_prop__pre,-0.04359462426668162,400
car_mm_1y_m1_p1_pct,tr__tr_lm_unc_prop__qa__all,-0.043566982046892556,400
car_mm_1y_m1_p1_pct,news__nw_lm_unc_prop__post,-0.04124490516507586,400
car_mm_1y_m1_p1_pct,tr__tr_lm_constr_prop__qa__all,-0.04022555666254244,400
car_mm_1y_m1_p1_pct,tr__tr_lm_neg_prop__prepared__all,0.03976548403942915,400
car_mm_1y_m1_p1_pct,news__nw_lm_lit_prop__all,-0.03678165467638373,400
car_mm_1y_m1_p1_pct,tr__tr_lm_tone__prepared__all,-0.036770328656458254,400
car_mm_1y_m1_p1_pct,news__nw_lm_lit_prop__post,-0.03666153433602222,400
car_mm_1y_m1_p1_pct,tr__tr_lm_pos_prop__qa__all,0.03592260887343425,400
car_mm_1y_m1_p1_pct,news__nw_lm_lit_prop__pre,-0.028050096632107897,400
car_mm_1y_m1_p1_pct,news__nw_lm_unc_prop__all,-0.027169527433980083,400
car_mm_1y_m1_p1_pct,tr__tr_lm_neg_prop__qa__all,0.02311907736581748,400
car_mm_1y_m1_p1_pct,tr__tr_lm_neg_prop__all__all,0.022484665138898744,400
car_mm_1y_m1_p1_pct,tr__tr_lm_constr_prop__prepared__all,0.020886785512495138,400
car_mm_1y_m1_p1_pct,tr__tr_lm_constr_prop__all__all,-0.02026329449070133,400
car_mm_1y_m1_p1_pct,tr__tr_lm_pos_prop__prepared__all,-0.020257541038700786,400
car_mm_1y_m1_p1_pct,news__nw_lm_constr_prop__post_minus_pre,-0.01524958454637228,400
car_mm_1y_m1_p1_pct,tr__tr_lm_tone__qa__all,0.014316703062833632,400
car_mm_1y_m1_p1_pct,news__nw_lm_unc_prop__pre,0.012889015999320205,400
car_mm_1y_m1_p1_pct,tr__tr_lm_tone__all__all,-0.008004270426986647,400
car_mm_1y_m1_p1_pct,news__nw_lm_lit_prop__post_minus_pre,-0.005187020225240823,400
car_mm_1y_m1_p1_pct,tr__tr_lm_pos_prop__all__all,0.0040368286658045305,400
car_mm_1q_m1_p1_pct,news__nw_lm_tone__post,0.26539451736544745,400
car_mm_1q_m1_p1_pct,news__nw_lm_neg_prop__post,-0.2565907646783278,400
car_mm_1q_m1_p1_pct,news__nw_lm_neg_prop__post_minus_pre,-0.2182018079519618,400
car_mm_1q_m1_p1_pct,news__nw_lm_tone__post_minus_pre,0.20904174213316207,400
car_mm_1q_m1_p1_pct,news__nw_lm_tone__all,0.19855203283890047,400
car_mm_1q_m1_p1_pct,news__nw_lm_neg_prop__all,-0.1697903173845117,400
car_mm_1q_m1_p1_pct,news__nw_lm_pos_prop__all,0.1617954829045826,400
car_mm_1q_m1_p1_pct,news__nw_lm_pos_prop__post,0.1535439232737212,400
car_mm_1q_m1_p1_pct,news__nw_lm_pos_prop__pre,0.08342257908491554,400
car_mm_1q_m1_p1_pct,news__nw_lm_tone__pre,0.07575036208999118,400
car_mm_1q_m1_p1_pct,tr__tr_lm_unc_prop__all__all,-0.07225136457029595,400
car_mm_1q_m1_p1_pct,tr__tr_lm_unc_prop__prepared__all,-0.06835951653536274,400
car_mm_1q_m1_p1_pct,news__nw_lm_pos_prop__post_minus_pre,0.0677605223831959,400
car_mm_1q_m1_p1_pct,news__nw_lm_constr_prop__all,-0.06507300488203406,400
car_mm_1q_m1_p1_pct,tr__tr_lm_lit_prop__all__all,0.06476418122689082,400
car_mm_1q_m1_p1_pct,tr__tr_lm_lit_prop__qa__all,0.0594613389772172,400
car_mm_1q_m1_p1_pct,tr__tr_lm_lit_prop__prepared__all,0.05189591382058499,400
car_mm_1q_m1_p1_pct,news__nw_lm_constr_prop__post,-0.05162338106936934,400
car_mm_1q_m1_p1_pct,news__nw_lm_neg_prop__pre,-0.04862170512421626,400
car_mm_1q_m1_p1_pct,tr__tr_lm_neg_prop__prepared__all,0.044600144559856454,400
car_mm_1q_m1_p1_pct,news__nw_lm_unc_prop__post_minus_pre,-0.043819876344734714,400
car_mm_1q_m1_p1_pct,tr__tr_lm_unc_prop__qa__all,-0.04320109374199391,400
car_mm_1q_m1_p1_pct,news__nw_lm_lit_prop__all,-0.04072800975456305,400
car_mm_1q_m1_p1_pct,news__nw_lm_constr_prop__pre,-0.04069158005873741,400
car_mm_1q_m1_p1_pct,news__nw_lm_lit_prop__post,-0.03855841799031024,400
car_mm_1q_m1_p1_pct,tr__tr_lm_constr_prop__qa__all,-0.038157083623608326,400
car_mm_1q_m1_p1_pct,tr__tr_lm_tone__prepared__all,-0.03797444358939464,400
car_mm_1q_m1_p1_pct,news__nw_lm_unc_prop__post,-0.03560580699421367,400
car_mm_1q_m1_p1_pct,news__nw_lm_lit_prop__pre,-0.03163724470763582,400
car_mm_1q_m1_p1_pct,tr__tr_lm_pos_prop__qa__all,0.027922002903009807,400
car_mm_1q_m1_p1_pct,tr__tr_lm_constr_prop__prepared__all,0.024961320589614568,400
car_mm_1q_m1_p1_pct,tr__tr_lm_neg_prop__all__all,0.022705195005215305,400
car_mm_1q_m1_p1_pct,tr__tr_lm_neg_prop__qa__all,0.02134504169779312,400
car_mm_1q_m1_p1_pct,news__nw_lm_unc_prop__all,-0.02021606158769744,400
car_mm_1q_m1_p1_pct,tr__tr_lm_pos_prop__prepared__all,-0.01889133609777246,400
car_mm_1q_m1_p1_pct,news__nw_lm_unc_prop__pre,0.01712188230058785,400
car_mm_1q_m1_p1_pct,tr__tr_lm_constr_prop__all__all,-0.01645789479774923,400
car_mm_1q_m1_p1_pct,news__nw_lm_constr_prop__post_minus_pre,-0.012979417173038585,400
car_mm_1q_m1_p1_pct,tr__tr_lm_tone__all__all,-0.010805520651623282,400
car_mm_1q_m1_p1_pct,tr__tr_lm_tone__qa__all,0.009417842634448373,400
car_mm_1q_m1_p1_pct,news__nw_lm_lit_prop__post_minus_pre,-0.003062452004363025,400
car_mm_1q_m1_p1_pct,tr__tr_lm_pos_prop__all__all,0.00045647950694358854,400
car_simple_p0_p1_pct,news__nw_lm_constr_prop__post,-0.1186264936752511,400
car_simple_p0_p1_pct,news__nw_lm_constr_prop__all,-0.11476345938521071,400
car_simple_p0_p1_pct,tr__tr_lm_tone__all__all,-0.11294716426326455,400
car_simple_p0_p1_pct,tr__tr_lm_tone__qa__all,-0.1107693452862863,400
car_simple_p0_p1_pct,tr__tr_lm_unc_prop__qa__all,0.10829074815574324,400
car_simple_p0_p1_pct,tr__tr_lm_unc_prop__all__all,0.10747112977020869,400
car_simple_p0_p1_pct,tr__tr_lm_neg_prop__qa__all,0.09998357010353735,400
car_simple_p0_p1_pct,tr__tr_lm_neg_prop__all__all,0.0931852137567809,400
car_simple_p0_p1_pct,tr__tr_lm_pos_prop__all__all,-0.08933138625845038,400
car_simple_p0_p1_pct,tr__tr_lm_pos_prop__qa__all,-0.08293739593310277,400
car_simple_p0_p1_pct,news__nw_lm_pos_prop__all,0.07772133357687956,400
car_simple_p0_p1_pct,tr__tr_lm_neg_prop__prepared__all,0.07703579748496027,400
car_simple_p0_p1_pct,tr__tr_lm_lit_prop__all__all,0.07523513185117771,400
car_simple_p0_p1_pct,news__nw_lm_pos_prop__post,0.07137420769967125,400
car_simple_p0_p1_pct,news__nw_lm_tone__post_minus_pre,0.06593499136368083,400
car_simple_p0_p1_pct,news__nw_lm_constr_prop__post_minus_pre,-0.06463092677507462,400
car_simple_p0_p1_pct,tr__tr_lm_lit_prop__qa__all,0.06449967002227693,400
car_simple_p0_p1_pct,tr__tr_lm_tone__prepared__all,-0.06236103784842908,400
car_simple_p0_p1_pct,news__nw_lm_neg_prop__post_minus_pre,-0.06132921987353504,400
car_simple_p0_p1_pct,news__nw_lm_neg_prop__pre,0.059749027228801696,400
car_simple_p0_p1_pct,news__nw_lm_neg_prop__all,0.04964947508004592,400
car_simple_p0_p1_pct,news__nw_lm_constr_prop__pre,-0.045482359012379736,400
car_simple_p0_p1_pct,tr__tr_lm_constr_prop__qa__all,0.04166642103394673,400
car_simple_p0_p1_pct,tr__tr_lm_constr_prop__prepared__all,-0.04155170058726596,400
car_simple_p0_p1_pct,news__nw_lm_pos_prop__pre,0.03954935228179043,400
car_simple_p0_p1_pct,tr__tr_lm_constr_prop__all__all,0.03723164121476223,400
car_simple_p0_p1_pct,news__nw_lm_unc_prop__post_minus_pre,0.03368993133522445,400
car_simple_p0_p1_pct,news__nw_lm_pos_prop__post_minus_pre,0.030857981654280872,400
car_simple_p0_p1_pct,news__nw_lm_tone__pre,-0.029643923089916813,400
car_simple_p0_p1_pct,news__nw_lm_tone__post,0.029197672454731958,400
car_simple_p0_p1_pct,tr__tr_lm_pos_prop__prepared__all,-0.02884313540720426,400
car_simple_p0_p1_pct,news__nw_lm_unc_prop__pre,-0.02583711813144317,400
car_simple_p0_p1_pct,news__nw_lm_unc_prop__all,-0.025319491286951275,400
car_simple_p0_p1_pct,news__nw_lm_lit_prop__pre,0.02361838481245074,400
car_simple_p0_p1_pct,news__nw_lm_lit_prop__post_minus_pre,-0.022513104424881417,400
car_simple_p0_p1_pct,news__nw_lm_lit_prop__all,0.02130476036553716,400
car_simple_p0_p1_pct,news__nw_lm_unc_prop__post,0.012673672742915785,400
car_simple_p0_p1_pct,tr__tr_lm_lit_prop__prepared__all,-0.01228989382679697,400
car_simple_p0_p1_pct,news__nw_lm_neg_prop__post,0.007653847845109608,400
car_simple_p0_p1_pct,tr__tr_lm_unc_prop__prepared__all,-0.005815715416607879,400
car_simple_p0_p1_pct,news__nw_lm_tone__all,-0.005171830854967355,400
car_simple_p0_p1_pct,news__nw_lm_lit_prop__post,0.003953731019792169,400
car_mm_1y_p0_p1_pct,tr__tr_lm_neg_prop__qa__all,0.11537929334471138,400
car_mm_1y_p0_p1_pct,tr__tr_lm_tone__all__all,-0.1109099623024622,400
car_mm_1y_p0_p1_pct,tr__tr_lm_tone__qa__all,-0.10991425344241924,400
car_mm_1y_p0_p1_pct,tr__tr_lm_unc_prop__qa__all,0.10759751321383236,400
car_mm_1y_p0_p1_pct,tr__tr_lm_unc_prop__all__all,0.1031198041531838,400
car_mm_1y_p0_p1_pct,tr__tr_lm_neg_prop__all__all,0.0995707344911073,400
car_mm_1y_p0_p1_pct,tr__tr_lm_pos_prop__all__all,-0.08245422613983766,400
car_mm_1y_p0_p1_pct,news__nw_lm_pos_prop__all,0.08083826582243565,400
car_mm_1y_p0_p1_pct,news__nw_lm_constr_prop__post,-0.07715328529792513,400
car_mm_1y_p0_p1_pct,news__nw_lm_constr_prop__all,-0.07232944424619348,400
car_mm_1y_p0_p1_pct,tr__tr_lm_pos_prop__qa__all,-0.07099157210955642,400
car_mm_1y_p0_p1_pct,tr__tr_lm_lit_prop__all__all,0.07045659766801815,400
car_mm_1y_p0_p1_pct,news__nw_lm_neg_prop__post_minus_pre,-0.06994406539775673,400
car_mm_1y_p0_p1_pct,tr__tr_lm_lit_prop__qa__all,0.0671019575517444,400
car_mm_1y_p0_p1_pct,news__nw_lm_unc_prop__all,-0.06058218099780473,400
car_mm_1y_p0_p1_pct,news__nw_lm_pos_prop__post,0.06040288484160881,400
car_mm_1y_p0_p1_pct,news__nw_lm_tone__post_minus_pre,0.059522287113828246,400
car_mm_1y_p0_p1_pct,news__nw_lm_neg_prop__pre,0.05662277008118603,400
car_mm_1y_p0_p1_pct,news__nw_lm_unc_prop__pre,-0.05513530201790152,400
car_mm_1y_p0_p1_pct,tr__tr_lm_constr_prop__prepared__all,-0.054912089615788535,400
car_mm_1y_p0_p1_pct,news__nw_lm_pos_prop__pre,0.05358617339747657,400
car_mm_1y_p0_p1_pct,news__nw_lm_unc_prop__post_minus_pre,0.04162336329438969,400
car_mm_1y_p0_p1_pct,news__nw_lm_constr_prop__post_minus_pre,-0.04000750132973213,400
car_mm_1y_p0_p1_pct,tr__tr_lm_neg_prop__prepared__all,0.03966675065023437,400
car_mm_1y_p0_p1_pct,news__nw_lm_neg_prop__all,0.03808040147707495,400
car_mm_1y_p0_p1_pct,tr__tr_lm_unc_prop__prepared__all,-0.037015308605430695,400
car_mm_1y_p0_p1_pct,tr__tr_lm_tone__prepared__all,-0.034010427728597276,400
car_mm_1y_p0_p1_pct,news__nw_lm_constr_prop__pre,-0.03237898015053275,400
car_mm_1y_p0_p1_pct,news__nw_lm_tone__post,0.032325301950375925,400
car_mm_1y_p0_p1_pct,news__nw_lm_tone__pre,-0.020900221277825308,400
car_mm_1y_p0_p1_pct,news__nw_lm_lit_prop__all,0.018545949160168943,400
car_mm_1y_p0_p1_pct,tr__tr_lm_constr_prop__qa__all,0.017564564575157135,400
car_mm_1y_p0_p1_pct,tr__tr_lm_pos_prop__prepared__all,-0.017078915673703846,400
car_mm_1y_p0_p1_pct,news__nw_lm_lit_prop__post,0.014444529985234843,400
car_mm_1y_p0_p1_pct,news__nw_lm_lit_prop__pre,0.01430046367990911,400
car_mm_1y_p0_p1_pct,news__nw_lm_unc_prop__post,-0.011270039327131422,400
car_mm_1y_p0_p1_pct,news__nw_lm_pos_prop__post_minus_pre,0.009405634148172184,400
car_mm_1y_p0_p1_pct,tr__tr_lm_lit_prop__prepared__all,-0.009343568050074967,400
car_mm_1y_p0_p1_pct,tr__tr_lm_constr_prop__all__all,0.005882060764385165,400
car_mm_1y_p0_p1_pct,news__nw_lm_tone__all,0.0050122217615351326,400
car_mm_1y_p0_p1_pct,news__nw_lm_neg_prop__post,-0.0037877516219381115,400
car_mm_1y_p0_p1_pct,news__nw_lm_lit_prop__post_minus_pre,-0.0015962545916049537,400
car_mm_1q_p0_p1_pct,tr__tr_lm_tone__qa__all,-0.1165919741290464,400
car_mm_1q_p0_p1_pct,tr__tr_lm_neg_prop__qa__all,0.11428110130453636,400
car_mm_1q_p0_p1_pct,tr__tr_lm_tone__all__all,-0.11174804459653244,400
car_mm_1q_p0_p1_pct,tr__tr_lm_unc_prop__qa__all,0.10813737467367894,400
car_mm_1q_p0_p1_pct,tr__tr_lm_unc_prop__all__all,0.10312914665872688,400
car_mm_1q_p0_p1_pct,tr__tr_lm_neg_prop__all__all,0.10054173005137002,400
car_mm_1q_p0_p1_pct,tr__tr_lm_pos_prop__all__all,-0.08293457808754859,400
car_mm_1q_p0_p1_pct,tr__tr_lm_pos_prop__qa__all,-0.08097427252052733,400
car_mm_1q_p0_p1_pct,news__nw_lm_constr_prop__post,-0.07562165353484183,400
car_mm_1q_p0_p1_pct,news__nw_lm_neg_prop__post_minus_pre,-0.07447578992122074,400
car_mm_1q_p0_p1_pct,news__nw_lm_pos_prop__all,0.07258583442082273,400
car_mm_1q_p0_p1_pct,news__nw_lm_constr_prop__all,-0.07255751463083551,400
car_mm_1q_p0_p1_pct,tr__tr_lm_lit_prop__all__all,0.07108607983380924,400
car_mm_1q_p0_p1_pct,tr__tr_lm_lit_prop__qa__all,0.06523225189832324,400
car_mm_1q_p0_p1_pct,news__nw_lm_neg_prop__pre,0.06234459579511803,400
car_mm_1q_p0_p1_pct,news__nw_lm_tone__post_minus_pre,0.0585659138647025,400
car_mm_1q_p0_p1_pct,tr__tr_lm_constr_prop__prepared__all,-0.05768527985744339,400
car_mm_1q_p0_p1_pct,news__nw_lm_pos_prop__pre,0.050345544436762465,400
car_mm_1q_p0_p1_pct,news__nw_lm_unc_prop__all,-0.049697369278104135,400
car_mm_1q_p0_p1_pct,news__nw_lm_pos_prop__post,0.04919940613224371,400
car_mm_1q_p0_p1_pct,tr__tr_lm_neg_prop__prepared__all,0.04695710720273207,400
car_mm_1q_p0_p1_pct,news__nw_lm_unc_prop__pre,-0.046396296993560696,400
car_mm_1q_p0_p1_pct,news__nw_lm_constr_prop__post_minus_pre,-0.04168310591302922,400
car_mm_1q_p0_p1_pct,news__nw_lm_neg_prop__all,0.04098376242477102,400
car_mm_1q_p0_p1_pct,tr__tr_lm_unc_prop__prepared__all,-0.039751554514124786,400
car_mm_1q_p0_p1_pct,news__nw_lm_unc_prop__post_minus_pre,0.03846769317869353,400
car_mm_1q_p0_p1_pct,tr__tr_lm_tone__prepared__all,-0.0306168967569415,400
car_mm_1q_p0_p1_pct,news__nw_lm_constr_prop__pre,-0.02832837348328479,400
car_mm_1q_p0_p1_pct,news__nw_lm_tone__pre,-0.026877613173170622,400
car_mm_1q_p0_p1_pct,news__nw_lm_tone__post,0.025377723676594723,400
car_mm_1q_p0_p1_pct,tr__tr_lm_constr_prop__qa__all,0.021431815622763552,400
car_mm_1q_p0_p1_pct,news__nw_lm_lit_prop__post,0.013246544655522012,400
car_mm_1q_p0_p1_pct,news__nw_lm_lit_prop__all,0.01286812208245166,400
car_mm_1q_p0_p1_pct,tr__tr_lm_constr_prop__all__all,0.009506604549493772,400
car_mm_1q_p0_p1_pct,tr__tr_lm_pos_prop__prepared__all,-0.00891210220043518,400
car_mm_1q_p0_p1_pct,news__nw_lm_lit_prop__pre,0.008171130218383706,400
car_mm_1q_p0_p1_pct,tr__tr_lm_lit_prop__prepared__all,-0.006162880554504183,400
car_mm_1q_p0_p1_pct,news__nw_lm_unc_prop__post,-0.005127252887955988,400
car_mm_1q_p0_p1_pct,news__nw_lm_lit_prop__post_minus_pre,0.004074533360302188,400
car_mm_1q_p0_p1_pct,news__nw_lm_pos_prop__post_minus_pre,0.0020971489908947444,400
car_mm_1q_p0_p1_pct,news__nw_lm_neg_prop__post,-0.0018021524358349948,400
car_mm_1q_p0_p1_pct,news__nw_lm_tone__all,-0.0007034002180799034,400
car_simple_p0_p5_pct,news__nw_lm_constr_prop__all,-0.1518613271521693,400
car_simple_p0_p5_pct,news__nw_lm_pos_prop__post,0.13509983877351572,400
car_simple_p0_p5_pct,tr__tr_lm_constr_prop__prepared__all,-0.12121281882112396,400
car_simple_p0_p5_pct,tr__tr_lm_unc_prop__qa__all,0.12043552040598796,400
car_simple_p0_p5_pct,news__nw_lm_tone__post_minus_pre,0.11793057421897399,400
car_simple_p0_p5_pct,news__nw_lm_constr_prop__post,-0.11227529496952568,400
car_simple_p0_p5_pct,news__nw_lm_pos_prop__all,0.10698136750829242,400
car_simple_p0_p5_pct,news__nw_lm_pos_prop__post_minus_pre,0.10540132492275187,400
car_simple_p0_p5_pct,news__nw_lm_constr_prop__pre,-0.10194582696877884,400
car_simple_p0_p5_pct,news__nw_lm_tone__post,0.09678279428150593,400
car_simple_p0_p5_pct,tr__tr_lm_lit_prop__qa__all,0.0941991068174189,400
car_simple_p0_p5_pct,tr__tr_lm_unc_prop__all__all,0.08541006298583198,400
car_simple_p0_p5_pct,tr__tr_lm_lit_prop__prepared__all,-0.07734368058098601,400
car_simple_p0_p5_pct,tr__tr_lm_unc_prop__prepared__all,-0.07608468894394924,400
car_simple_p0_p5_pct,news__nw_lm_neg_prop__post_minus_pre,-0.07001889967325928,400
car_simple_p0_p5_pct,tr__tr_lm_lit_prop__all__all,0.06846867670637548,400
car_simple_p0_p5_pct,tr__tr_lm_constr_prop__qa__all,0.06144946333811469,400
car_simple_p0_p5_pct,tr__tr_lm_neg_prop__qa__all,0.06065830940583446,400
car_simple_p0_p5_pct,tr__tr_lm_tone__prepared__all,0.05489578261796469,400
car_simple_p0_p5_pct,tr__tr_lm_pos_prop__prepared__all,0.05361689468808113,400
car_simple_p0_p5_pct,news__nw_lm_neg_prop__post,-0.04147123363415619,400
car_simple_p0_p5_pct,news__nw_lm_tone__all,0.03998865959432667,400
car_simple_p0_p5_pct,tr__tr_lm_constr_prop__all__all,0.028343341807449043,400
car_simple_p0_p5_pct,tr__tr_lm_tone__qa__all,-0.025682731575662143,400
car_simple_p0_p5_pct,news__nw_lm_neg_prop__pre,0.022006999280760404,400
car_simple_p0_p5_pct,tr__tr_lm_neg_prop__prepared__all,-0.018685675896958583,400
car_simple_p0_p5_pct,news__nw_lm_constr_prop__post_minus_pre,-0.018483814385744046,400
car_simple_p0_p5_pct,news__nw_lm_pos_prop__pre,0.018286091735509897,400
car_simple_p0_p5_pct,tr__tr_lm_neg_prop__all__all,0.017625491282404093,400
car_simple_p0_p5_pct,news__nw_lm_lit_prop__all,0.010714998331619305,400
car_simple_p0_p5_pct,news__nw_lm_tone__pre,-0.009257696778560073,400
car_simple_p0_p5_pct,tr__tr_lm_tone__all__all,-0.0075252543850235455,400
car_simple_p0_p5_pct,tr__tr_lm_pos_prop__qa__all,0.006976630452328908,400
car_simple_p0_p5_pct,news__nw_lm_lit_prop__post_minus_pre,0.006968201210963649,400
car_simple_p0_p5_pct,news__nw_lm_neg_prop__all,0.006868773055255135,400
car_simple_p0_p5_pct,news__nw_lm_unc_prop__all,-0.00489032008598037,400
car_simple_p0_p5_pct,news__nw_lm_unc_prop__post,0.0047749276964528615,400
car_simple_p0_p5_pct,news__nw_lm_lit_prop__pre,-0.0041797966423237085,400
car_simple_p0_p5_pct,news__nw_lm_unc_prop__pre,0.004124609736681354,400
car_simple_p0_p5_pct,news__nw_lm_lit_prop__post,0.0022881860811512773,400
car_simple_p0_p5_pct,tr__tr_lm_pos_prop__all__all,0.001501475330833574,400
car_simple_p0_p5_pct,news__nw_lm_unc_prop__post_minus_pre,-7.5940652748994345e-06,400
car_mm_1y_p0_p5_pct,news__nw_lm_tone__post_minus_pre,0.13504595222481955,400
car_mm_1y_p0_p5_pct,news__nw_lm_pos_prop__post,0.13338315925210723,400
car_mm_1y_p0_p5_pct,news__nw_lm_constr_prop__all,-0.12458328662617527,400
car_mm_1y_p0_p5_pct,tr__tr_lm_unc_prop__qa__all,0.11763568496655964,400
car_mm_1y_p0_p5_pct,news__nw_lm_pos_prop__post_minus_pre,0.10964929313299487,400
car_mm_1y_p0_p5_pct,tr__tr_lm_constr_prop__prepared__all,-0.10927235800487206,400
car_mm_1y_p0_p5_pct,news__nw_lm_pos_prop__all,0.09994594372216264,400
car_mm_1y_p0_p5_pct,tr__tr_lm_unc_prop__all__all,0.08979947067601263,400
car_mm_1y_p0_p5_pct,news__nw_lm_constr_prop__pre,-0.08952605023387576,400
car_mm_1y_p0_p5_pct,news__nw_lm_constr_prop__post,-0.08933076893396241,400
car_mm_1y_p0_p5_pct,news__nw_lm_neg_prop__post_minus_pre,-0.08891144835339351,400
car_mm_1y_p0_p5_pct,tr__tr_lm_lit_prop__qa__all,0.08516897517967466,400
car_mm_1y_p0_p5_pct,news__nw_lm_tone__post,0.08504415046733987,400
car_mm_1y_p0_p5_pct,tr__tr_lm_neg_prop__qa__all,0.07923126602336338,400
car_mm_1y_p0_p5_pct,tr__tr_lm_lit_prop__prepared__all,-0.07139753523761538,400
car_mm_1y_p0_p5_pct,tr__tr_lm_pos_prop__prepared__all,0.058939098806037045,400
car_mm_1y_p0_p5_pct,tr__tr_lm_tone__prepared__all,0.055622290559897994,400
car_mm_1y_p0_p5_pct,tr__tr_lm_lit_prop__all__all,0.05404974578026118,400
car_mm_1y_p0_p5_pct,tr__tr_lm_unc_prop__prepared__all,-0.051887574222196406,400
car_mm_1y_p0_p5_pct,news__nw_lm_neg_prop__pre,0.051763538078444526,400
car_mm_1y_p0_p5_pct,news__nw_lm_lit_prop__all,0.03991378714286248,400
car_mm_1y_p0_p5_pct,news__nw_lm_unc_prop__all,-0.03635808501928832,400
car_mm_1y_p0_p5_pct,news__nw_lm_tone__pre,-0.03592486537193612,400
car_mm_1y_p0_p5_pct,tr__tr_lm_neg_prop__all__all,0.03563672402266957,400
car_mm_1y_p0_p5_pct,news__nw_lm_lit_prop__post,0.030739631723146588,400
car_mm_1y_p0_p5_pct,news__nw_lm_neg_prop__all,0.02953911033006178,400
car_mm_1y_p0_p5_pct,news__nw_lm_unc_prop__post,-0.026974495823756585,400
car_mm_1y_p0_p5_pct,news__nw_lm_neg_prop__post,-0.026779673849246653,400
car_mm_1y_p0_p5_pct,tr__tr_lm_tone__qa__all,-0.025098614985262845,400
car_mm_1y_p0_p5_pct,news__nw_lm_lit_prop__pre,0.022061832320669425,400
car_mm_1y_p0_p5_pct,tr__tr_lm_constr_prop__all__all,-0.021818978141470977,400
car_mm_1y_p0_p5_pct,tr__tr_lm_pos_prop__qa__all,0.020770291603650307,400
car_mm_1y_p0_p5_pct,news__nw_lm_tone__all,0.01963999275438232,400
car_mm_1y_p0_p5_pct,tr__tr_lm_pos_prop__all__all,0.014623156192965357,400
car_mm_1y_p0_p5_pct,tr__tr_lm_constr_prop__qa__all,0.014505651840034169,400
car_mm_1y_p0_p5_pct,news__nw_lm_unc_prop__pre,-0.013749637317280636,400
car_mm_1y_p0_p5_pct,news__nw_lm_pos_prop__pre,0.01132714343769311,400
car_mm_1y_p0_p5_pct,tr__tr_lm_neg_prop__prepared__all,-0.010904735103818045,400
car_mm_1y_p0_p5_pct,news__nw_lm_unc_prop__post_minus_pre,-0.008709865374887575,400
car_mm_1y_p0_p5_pct,news__nw_lm_constr_prop__post_minus_pre,-0.008608541896502817,400
car_mm_1y_p0_p5_pct,tr__tr_lm_tone__all__all,-0.006499766017713664,400
car_mm_1y_p0_p5_pct,news__nw_lm_lit_prop__post_minus_pre,0.005981970194073783,400
car_mm_1q_p0_p5_pct,news__nw_lm_tone__post_minus_pre,0.13578044015641205,400
car_mm_1q_p0_p5_pct,news__nw_lm_constr_prop__all,-0.12391186372277892,400
car_mm_1q_p0_p5_pct,news__nw_lm_pos_prop__post,0.11386675325889048,400
car_mm_1q_p0_p5_pct,tr__tr_lm_unc_prop__qa__all,0.10879214694160338,400
car_mm_1q_p0_p5_pct,news__nw_lm_pos_prop__post_minus_pre,0.10735722139485288,400
car_mm_1q_p0_p5_pct,tr__tr_lm_constr_prop__prepared__all,-0.10443930233344684,400
car_mm_1q_p0_p5_pct,news__nw_lm_constr_prop__pre,-0.09327130538725835,400
car_mm_1q_p0_p5_pct,news__nw_lm_neg_prop__post_minus_pre,-0.0916773798175187,400
car_mm_1q_p0_p5_pct,tr__tr_lm_unc_prop__all__all,0.08182120318189066,400
car_mm_1q_p0_p5_pct,news__nw_lm_constr_prop__post,-0.08014359098431056,400
car_mm_1q_p0_p5_pct,news__nw_lm_pos_prop__all,0.0770349354023741,400
car_mm_1q_p0_p5_pct,tr__tr_lm_neg_prop__qa__all,0.07609357133204495,400
car_mm_1q_p0_p5_pct,tr__tr_lm_pos_prop__prepared__all,0.07273619427772836,400
car_mm_1q_p0_p5_pct,tr__tr_lm_lit_prop__qa__all,0.07225628983085355,400
car_mm_1q_p0_p5_pct,news__nw_lm_tone__post,0.06703104124858078,400
car_mm_1q_p0_p5_pct,tr__tr_lm_tone__prepared__all,0.06554066489591984,400
car_mm_1q_p0_p5_pct,news__nw_lm_neg_prop__pre,0.0646553675364449,400
car_mm_1q_p0_p5_pct,tr__tr_lm_lit_prop__prepared__all,-0.0565191093119407,400
car_mm_1q_p0_p5_pct,news__nw_lm_tone__pre,-0.05426541204457486,400
car_mm_1q_p0_p5_pct,tr__tr_lm_unc_prop__prepared__all,-0.04774656527062492,400
car_mm_1q_p0_p5_pct,tr__tr_lm_lit_prop__all__all,0.04731231659548075,400
car_mm_1q_p0_p5_pct,news__nw_lm_neg_prop__all,0.0413764144488668,400
car_mm_1q_p0_p5_pct,tr__tr_lm_neg_prop__all__all,0.032903783870146495,400
car_mm_1q_p0_p5_pct,news__nw_lm_lit_prop__all,0.031972451557993095,400
car_mm_1q_p0_p5_pct,news__nw_lm_lit_prop__post,0.0319101020492587,400
car_mm_1q_p0_p5_pct,tr__tr_lm_tone__qa__all,-0.029660435086474157,400
car_mm_1q_p0_p5_pct,news__nw_lm_unc_prop__all,-0.029362206082072455,400
car_mm_1q_p0_p5_pct,tr__tr_lm_constr_prop__all__all,-0.02373434912082636,400
car_mm_1q_p0_p5_pct,news__nw_lm_unc_prop__post,-0.021803106393575404,400
car_mm_1q_p0_p5_pct,tr__tr_lm_pos_prop__all__all,0.019650420808196817,400
car_mm_1q_p0_p5_pct,news__nw_lm_lit_prop__post_minus_pre,0.016940800398031825,400
car_mm_1q_p0_p5_pct,news__nw_lm_neg_prop__post,-0.015354217816180349,400
car_mm_1q_p0_p5_pct,tr__tr_lm_constr_prop__qa__all,0.014469963669125285,400
car_mm_1q_p0_p5_pct,news__nw_lm_lit_prop__pre,0.013323879118365321,400
car_mm_1q_p0_p5_pct,tr__tr_lm_pos_prop__qa__all,0.012281202303903753,400
car_mm_1q_p0_p5_pct,news__nw_lm_unc_prop__pre,-0.01205881192823326,400
car_mm_1q_p0_p5_pct,tr__tr_lm_neg_prop__prepared__all,-0.007127744671124066,400
car_mm_1q_p0_p5_pct,news__nw_lm_pos_prop__pre,-0.00688598911050556,400
car_mm_1q_p0_p5_pct,news__nw_lm_unc_prop__post_minus_pre,-0.006173890437476014,400
car_mm_1q_p0_p5_pct,news__nw_lm_constr_prop__post_minus_pre,0.0016641510122829704,400
car_mm_1q_p0_p5_pct,tr__tr_lm_tone__all__all,-0.0013765553942204642,400
car_mm_1q_p0_p5_pct,news__nw_lm_tone__all,0.0008776399259036435,400
car_simple_p0_p10_pct,news__nw_lm_constr_prop__all,-0.1173906646723107,400
car_simple_p0_p10_pct,news__nw_lm_pos_prop__post,0.111494739078603,400
car_simple_p0_p10_pct,news__nw_lm_pos_prop__all,0.10349730901072848,400
car_simple_p0_p10_pct,news__nw_lm_constr_prop__post,-0.09030729366623638,400
car_simple_p0_p10_pct,news__nw_lm_lit_prop__pre,-0.08080368503774947,400
car_simple_p0_p10_pct,news__nw_lm_constr_prop__pre,-0.07882742711880616,400
car_simple_p0_p10_pct,news__nw_lm_tone__post_minus_pre,0.07027537928546149,400
car_simple_p0_p10_pct,news__nw_lm_lit_prop__all,-0.06199208503646721,400
car_simple_p0_p10_pct,news__nw_lm_pos_prop__post_minus_pre,0.061544431992047045,400
car_simple_p0_p10_pct,news__nw_lm_tone__post,0.05801245301209732,400
car_simple_p0_p10_pct,tr__tr_lm_neg_prop__qa__all,0.05747007513140221,400
car_simple_p0_p10_pct,tr__tr_lm_constr_prop__prepared__all,-0.05635065794849607,400
car_simple_p0_p10_pct,news__nw_lm_lit_prop__post_minus_pre,0.05180727299133935,400
car_simple_p0_p10_pct,news__nw_lm_pos_prop__pre,0.04571960203211345,400
car_simple_p0_p10_pct,news__nw_lm_neg_prop__post_minus_pre,-0.04272392739420859,400
car_simple_p0_p10_pct,tr__tr_lm_lit_prop__all__all,0.04168087066332986,400
car_simple_p0_p10_pct,tr__tr_lm_lit_prop__qa__all,0.040373233075030435,400
car_simple_p0_p10_pct,tr__tr_lm_constr_prop__qa__all,0.03929438138331896,400
car_simple_p0_p10_pct,news__nw_lm_lit_prop__post,-0.038774356778927724,400
car_simple_p0_p10_pct,news__nw_lm_neg_prop__pre,0.03233500741988633,400
car_simple_p0_p10_pct,tr__tr_lm_unc_prop__all__all,0.03184642068577563,400
car_simple_p0_p10_pct,news__nw_lm_neg_prop__all,0.030959559963294428,400
car_simple_p0_p10_pct,tr__tr_lm_tone__qa__all,-0.029811935945439814,400
car_simple_p0_p10_pct,tr__tr_lm_tone__prepared__all,0.028835517176355706,400
car_simple_p0_p10_pct,tr__tr_lm_neg_prop__all__all,0.02626003998580834,400
car_simple_p0_p10_pct,news__nw_lm_unc_prop__post,0.024176550529747605,400
car_simple_p0_p10_pct,news__nw_lm_unc_prop__all,0.02339706209245186,400
car_simple_p0_p10_pct,news__nw_lm_unc_prop__pre,0.02224437007777194,400
car_simple_p0_p10_pct,tr__tr_lm_pos_prop__prepared__all,0.021970939162808203,400
car_simple_p0_p10_pct,tr__tr_lm_unc_prop__qa__all,0.02171119399570656,400
car_simple_p0_p10_pct,tr__tr_lm_tone__all__all,-0.02091942907556822,400
car_simple_p0_p10_pct,tr__tr_lm_neg_prop__prepared__all,-0.020593698440249532,400
car_simple_p0_p10_pct,news__nw_lm_tone__all,0.020053675337898577,400
car_simple_p0_p10_pct,news__nw_lm_constr_prop__post_minus_pre,-0.017165771006702805,400
car_simple_p0_p10_pct,tr__tr_lm_lit_prop__prepared__all,0.016990416393564294,400
car_simple_p0_p10_pct,tr__tr_lm_pos_prop__all__all,-0.010669452563440901,400
car_simple_p0_p10_pct,tr__tr_lm_unc_prop__prepared__all,0.0074707068320621385,400
car_simple_p0_p10_pct,news__nw_lm_tone__pre,-0.005183636627325078,400
car_simple_p0_p10_pct,tr__tr_lm_constr_prop__all__all,-0.005138597391072266,400
car_simple_p0_p10_pct,news__nw_lm_neg_prop__post,-0.004760565435281586,400
car_simple_p0_p10_pct,news__nw_lm_unc_prop__post_minus_pre,-0.0012852598602148336,400
car_simple_p0_p10_pct,tr__tr_lm_pos_prop__qa__all,-0.0009508222292413058,400
car_mm_1y_p0_p10_pct,news__nw_lm_constr_prop__all,-0.10068096406406633,400
car_mm_1y_p0_p10_pct,news__nw_lm_tone__post_minus_pre,0.09987385834476797,400
car_mm_1y_p0_p10_pct,news__nw_lm_pos_prop__post,0.0916753155900397,400
car_mm_1y_p0_p10_pct,news__nw_lm_constr_prop__post,-0.07995765561419274,400
car_mm_1y_p0_p10_pct,news__nw_lm_neg_prop__post_minus_pre,-0.07819415193382584,400
car_mm_1y_p0_p10_pct,news__nw_lm_neg_prop__pre,0.07516552194045453,400
car_mm_1y_p0_p10_pct,tr__tr_lm_neg_prop__qa__all,0.07351624165798813,400
car_mm_1y_p0_p10_pct,news__nw_lm_pos_prop__all,0.07195539156000964,400
car_mm_1y_p0_p10_pct,news__nw_lm_constr_prop__pre,-0.06663514254455705,400
car_mm_1y_p0_p10_pct,news__nw_lm_pos_prop__post_minus_pre,0.06534915666840027,400
car_mm_1y_p0_p10_pct,news__nw_lm_neg_prop__all,0.061067748517306765,400
car_mm_1y_p0_p10_pct,tr__tr_lm_lit_prop__qa__all,0.05199078683857508,400
car_mm_1y_p0_p10_pct,news__nw_lm_tone__pre,-0.05065115467888082,400
car_mm_1y_p0_p10_pct,tr__tr_lm_neg_prop__all__all,0.04691623198316672,400
car_mm_1y_p0_p10_pct,tr__tr_lm_constr_prop__prepared__all,-0.04600352637173452,400
car_mm_1y_p0_p10_pct,tr__tr_lm_unc_prop__prepared__all,0.04567152816782719,400
car_mm_1y_p0_p10_pct,tr__tr_lm_lit_prop__all__all,0.041287021627125976,400
car_mm_1y_p0_p10_pct,tr__tr_lm_constr_prop__all__all,-0.039542709292992875,400
car_mm_1y_p0_p10_pct,news__nw_lm_tone__post,0.03837340638859699,400
car_mm_1y_p0_p10_pct,tr__tr_lm_unc_prop__all__all,0.031788302355145855,400
car_mm_1y_p0_p10_pct,tr__tr_lm_pos_prop__prepared__all,0.031368743053768605,400
car_mm_1y_p0_p10_pct,news__nw_lm_unc_prop__post_minus_pre,-0.025328460608689755,400
car_mm_1y_p0_p10_pct,tr__tr_lm_tone__qa__all,-0.022722449508450884,400
car_mm_1y_p0_p10_pct,news__nw_lm_lit_prop__post_minus_pre,0.022310803185385836,400
car_mm_1y_p0_p10_pct,tr__tr_lm_pos_prop__qa__all,0.020052844786763942,400
car_mm_1y_p0_p10_pct,news__nw_lm_pos_prop__pre,0.0198408336316553,400
car_mm_1y_p0_p10_pct,tr__tr_lm_tone__prepared__all,0.01929867075992157,400
car_mm_1y_p0_p10_pct,tr__tr_lm_unc_prop__qa__all,0.019228191620858797,400
car_mm_1y_p0_p10_pct,news__nw_lm_constr_prop__post_minus_pre,-0.01748746989783851,400
car_mm_1y_p0_p10_pct,news__nw_lm_unc_prop__post,-0.01717412286321651,400
car_mm_1y_p0_p10_pct,news__nw_lm_tone__all,-0.01636083409154559,400
car_mm_1y_p0_p10_pct,news__nw_lm_lit_prop__pre,-0.015401692625223133,400
car_mm_1y_p0_p10_pct,tr__tr_lm_neg_prop__prepared__all,0.015221416641364949,400
car_mm_1y_p0_p10_pct,tr__tr_lm_pos_prop__all__all,0.01409608353274181,400
car_mm_1y_p0_p10_pct,news__nw_lm_unc_prop__pre,0.01283331239226653,400
car_mm_1y_p0_p10_pct,tr__tr_lm_tone__all__all,-0.012434746591197579,400
car_mm_1y_p0_p10_pct,news__nw_lm_neg_prop__post,0.008656873979087551,400
car_mm_1y_p0_p10_pct,tr__tr_lm_lit_prop__prepared__all,0.007871334799295525,400
car_mm_1y_p0_p10_pct,news__nw_lm_unc_prop__all,-0.006040917934126338,400
car_mm_1y_p0_p10_pct,news__nw_lm_lit_prop__post,0.00506153423775686,400
car_mm_1y_p0_p10_pct,news__nw_lm_lit_prop__all,0.0021790726666503844,400
car_mm_1y_p0_p10_pct,tr__tr_lm_constr_prop__qa__all,0.0016741446096540163,400
car_mm_1q_p0_p10_pct,news__nw_lm_tone__post_minus_pre,0.09888483987054789,400
car_mm_1q_p0_p10_pct,news__nw_lm_constr_prop__all,-0.09369331803516188,400
car_mm_1q_p0_p10_pct,news__nw_lm_neg_prop__pre,0.08407007799491119,400
car_mm_1q_p0_p10_pct,news__nw_lm_constr_prop__pre,-0.07844044134284701,400
car_mm_1q_p0_p10_pct,news__nw_lm_neg_prop__post_minus_pre,-0.07673060519707763,400
car_mm_1q_p0_p10_pct,news__nw_lm_tone__pre,-0.07330991372071209,400
car_mm_1q_p0_p10_pct,news__nw_lm_neg_prop__all,0.06861019801443007,400
car_mm_1q_p0_p10_pct,tr__tr_lm_neg_prop__qa__all,0.06825818028188338,400
car_mm_1q_p0_p10_pct,news__nw_lm_pos_prop__post_minus_pre,0.06557425916803167,400
car_mm_1q_p0_p10_pct,news__nw_lm_pos_prop__post,0.05940249325178191,400
car_mm_1q_p0_p10_pct,news__nw_lm_constr_prop__post,-0.05589190725587432,400
car_mm_1q_p0_p10_pct,tr__tr_lm_unc_prop__prepared__all,0.0527390461211109,400
car_mm_1q_p0_p10_pct,tr__tr_lm_neg_prop__all__all,0.043516784939299814,400
car_mm_1q_p0_p10_pct,tr__tr_lm_pos_prop__prepared__all,0.041996786390444976,400
car_mm_1q_p0_p10_pct,news__nw_lm_lit_prop__post_minus_pre,0.04160228588287492,400
car_mm_1q_p0_p10_pct,tr__tr_lm_constr_prop__all__all,-0.04140233420843824,400
car_mm_1q_p0_p10_pct,news__nw_lm_tone__all,-0.03893068964677621,400
car_mm_1q_p0_p10_pct,tr__tr_lm_constr_prop__prepared__all,-0.038526241357733734,400
car_mm_1q_p0_p10_pct,news__nw_lm_lit_prop__pre,-0.034891834700074405,400
car_mm_1q_p0_p10_pct,news__nw_lm_pos_prop__all,0.03226221223487198,400
car_mm_1q_p0_p10_pct,tr__tr_lm_tone__qa__all,-0.03057732726538866,400
car_mm_1q_p0_p10_pct,tr__tr_lm_lit_prop__qa__all,0.02902515973485743,400
car_mm_1q_p0_p10_pct,tr__tr_lm_tone__prepared__all,0.025872684298926852,400
car_mm_1q_p0_p10_pct,tr__tr_lm_lit_prop__all__all,0.025496973690102263,400
car_mm_1q_p0_p10_pct,tr__tr_lm_lit_prop__prepared__all,0.024298512105620004,400
car_mm_1q_p0_p10_pct,tr__tr_lm_unc_prop__all__all,0.021244448151768396,400
car_mm_1q_p0_p10_pct,tr__tr_lm_neg_prop__prepared__all,0.02030629324390017,400
car_mm_1q_p0_p10_pct,news__nw_lm_neg_prop__post,0.019699261024933957,400
car_mm_1q_p0_p10_pct,news__nw_lm_unc_prop__post_minus_pre,-0.017763098188305394,400
car_mm_1q_p0_p10_pct,news__nw_lm_lit_prop__all,-0.01651036877126913,400
car_mm_1q_p0_p10_pct,news__nw_lm_pos_prop__pre,-0.01511096900090808,400
car_mm_1q_p0_p10_pct,tr__tr_lm_pos_prop__all__all,0.015027862718392602,400
car_mm_1q_p0_p10_pct,news__nw_lm_tone__post,0.014411232537549869,400
car_mm_1q_p0_p10_pct,news__nw_lm_unc_prop__post,-0.011096726096258188,400
car_mm_1q_p0_p10_pct,news__nw_lm_constr_prop__post_minus_pre,0.010867387112878941,400
car_mm_1q_p0_p10_pct,tr__tr_lm_tone__all__all,-0.01006468764656573,400
car_mm_1q_p0_p10_pct,news__nw_lm_unc_prop__pre,0.009817073141243948,400
car_mm_1q_p0_p10_pct,tr__tr_lm_unc_prop__qa__all,0.006401928232445208,400
car_mm_1q_p0_p10_pct,tr__tr_lm_pos_prop__qa__all,0.005536857688179966,400
car_mm_1q_p0_p10_pct,news__nw_lm_lit_prop__post,0.0025132303007655145,400
car_mm_1q_p0_p10_pct,tr__tr_lm_constr_prop__qa__all,0.0018149709606002482,400
car_mm_1q_p0_p10_pct,news__nw_lm_unc_prop__all,-0.001553193327112788,400
